﻿<?xml version="1.0" encoding="utf-8" ?>
<Defs>

  <ThingDef ParentName="BuildingBase">
    <defName>LingPutToPower</defName>
    <label>动能发电机</label>
    <description>又可以发泄,又可以发电,这样的宝贝谁不喜欢呢.(发电量为累计伤害*耐久百分比(每四秒衰减1%))</description>
    <thingClass>LingGame.PutToPower</thingClass>
    <graphicData>
      <texPath>Things/Building/Power/LingPutToPower</texPath>
      <graphicClass>Graphic_Single</graphicClass>
      <drawSize>(1,1)</drawSize>
    </graphicData>
    <altitudeLayer>Building</altitudeLayer>
    <passability>PassThroughOnly</passability>
    <blockWind>false</blockWind>
	<scatterableOnMapGen>false</scatterableOnMapGen>
	<fillPercent>0.65</fillPercent>
    <blockLight>false</blockLight>
    <canOverlapZones>false</canOverlapZones>
    <statBases>
      <MaxHitPoints>10000</MaxHitPoints>
      <WorkToBuild>24000</WorkToBuild>
      <Flammability>0</Flammability>
      <Beauty>0</Beauty>
    </statBases>
    <tickerType>Rare</tickerType>
    <size>(1,1)</size>
    <costList>
      <DevilstrandCloth>50</DevilstrandCloth>
      <Plasteel>10</Plasteel>
      <ComponentSpacer>3</ComponentSpacer>
    </costList>
    <comps>
      <li Class="CompProperties_Power">
        <compClass>CompPowerPlant</compClass>
        <basePowerConsumption>0</basePowerConsumption>
        <transmitsPower>true</transmitsPower>
      </li>
      <li Class="CompProperties_Breakdownable"/>
    </comps>
    <rotatable>false</rotatable>
    <terrainAffordanceNeeded>Light</terrainAffordanceNeeded>
    <designationCategory>Power</designationCategory>
    <building>
	  <ai_chillDestination>false</ai_chillDestination>
    </building>
    <constructEffect>ConstructMetal</constructEffect>
    <researchPrerequisites><li>ZeroTechThinkingPower</li></researchPrerequisites>
    <constructionSkillPrerequisite>12</constructionSkillPrerequisite>
  </ThingDef>

  
</Defs>
