﻿<?xml version="1.0" encoding="utf-8" ?>
<Defs>

  <HediffDef>
    <defName>LingThinkingLoss</defName>
    <hediffClass>HediffWithComps</hediffClass>
    <defaultLabelColor>(1,1,0.7)</defaultLabelColor>
	<description>过度用脑导致的意识下降</description>
    <label>思想瓦解</label>
    <maxSeverity>1</maxSeverity>
    <scenarioCanAdd>true</scenarioCanAdd>
    <comps>
      <li Class="HediffCompProperties_Immunizable">
        <severityPerDayNotImmune>-1</severityPerDayNotImmune>
      </li>
    </comps>
    <stages>
      <li>
        <label>initial</label>
        <becomeVisible>false</becomeVisible>
      </li>
      <li>
        <label>initial</label>
        <minSeverity>0.50</minSeverity>
        <capMods>
          <li>
            <capacity>Consciousness</capacity>
            <offset>-0.05</offset>
          </li>
        </capMods>
      </li>
      <li>
        <label>minor</label>
        <minSeverity>0.70</minSeverity>
        <capMods>
          <li>
            <capacity>Consciousness</capacity>
            <offset>-0.10</offset>
          </li>
        </capMods>
      </li>
      <li>
        <label>moderate</label>
        <minSeverity>0.80</minSeverity>
        <vomitMtbDays>5</vomitMtbDays>
        <capMods>
          <li>
            <capacity>Consciousness</capacity>
            <offset>-0.20</offset>
          </li>
        </capMods>
      </li>
      <li>
        <label>serious</label>
        <minSeverity>0.90</minSeverity>
        <vomitMtbDays>0.5</vomitMtbDays>
        <capMods>
          <li>
            <capacity>Consciousness</capacity>
            <offset>-0.30</offset>
          </li>
        </capMods>
      </li>
    </stages>
  </HediffDef>

</Defs>