﻿<?xml version="1.0" encoding="utf-8" ?>
<Defs>

  <ThingDef ParentName="BuildingBase">
    <defName>LingTreadmill</defName>
    <label>灵能发电机</label>
    <description>一台灵能发电机,可以将人类的思想能力具象化并转换为电力.</description>
    <graphicData>
      <texPath>Things/Building/Power/ThinkingPower/ThinkingPower</texPath>
      <graphicClass>Graphic_Multi</graphicClass>
      <shaderType>CutoutComplex</shaderType>
      <drawSize>(1,2)</drawSize>
      <drawRotated>false</drawRotated>
    </graphicData>
	<thingClass>LingGame.Building_Treadmill</thingClass>
    <size>(1,2)</size>
    <altitudeLayer>Building</altitudeLayer>
    <passability>PassThroughOnly</passability>
    <pathCost>70</pathCost>
    <fillPercent>0.5</fillPercent>
    <hasInteractionCell>true</hasInteractionCell>
    <interactionCellOffset>(0,0,0)</interactionCellOffset>
	<tickerType>Rare</tickerType>
    <rotatable>true</rotatable>
    <terrainAffordanceNeeded>Light</terrainAffordanceNeeded>
    <constructionSkillPrerequisite>6</constructionSkillPrerequisite>
    <uiIconOffset>(0, 0.03)</uiIconOffset>
    <uiIconScale>0.85</uiIconScale>
    <minifiedDef>MinifiedThing</minifiedDef>
    <thingCategories>
      <li>BuildingsProduction</li>
    </thingCategories>
    <costList>
      <Steel>200</Steel>
      <ComponentIndustrial>4</ComponentIndustrial>
    </costList>
    <drawPlaceWorkersWhileSelected>true</drawPlaceWorkersWhileSelected>
    <researchPrerequisites>
      <!-- <li>DeepDrilling</li> -->
    </researchPrerequisites>
    <designationCategory>Power</designationCategory>
    <statBases>
      <MaxHitPoints>300</MaxHitPoints>
      <WorkToBuild>10000</WorkToBuild>
      <Flammability>0.5</Flammability>
      <Beauty>5</Beauty>
      <Mass>40</Mass>
      <Comfort>0.75</Comfort>
    </statBases>
    <comps>
      <li Class="CompProperties_Forbiddable"/>
      <li Class="CompProperties_Flickable"/>
      <li Class="CompProperties_Power">
        <compClass>LingGame.CompPowerPlantTreadmill</compClass>
        <basePowerConsumption>0</basePowerConsumption>
        <transmitsPower>true</transmitsPower>
      </li>
    </comps>
  </ThingDef>

  <WorkGiverDef>
    <defName>RunOnTreadmill</defName>
    <label>thinking</label>
    <giverClass>LingGame.WorkGiver_Treadmill</giverClass>
    <workType>Research</workType>
    <priorityInType>80</priorityInType>
    <verb>Thinking</verb>
    <gerund>Thinking</gerund>
    <requiredCapacities>
      <li>Moving</li>
    </requiredCapacities>
	<prioritizeSustains>true</prioritizeSustains>
  </WorkGiverDef>
   
  <JobDef>
    <defName>RunInTreadmill</defName>
    <driverClass>LingGame.JobDriver_RunInTreadmill</driverClass>
    <reportString>Thinking.</reportString>
    <allowOpportunisticPrefix>true</allowOpportunisticPrefix>
  </JobDef>

  <EffecterDef>
	<defName>BrainBlood</defName>
	<children>
	  <li>
		<subEffecterClass>SubEffecter_Sustainer</subEffecterClass>
		<soundDef>Interact_Research</soundDef>
	  </li>
	  <li>
		<subEffecterClass>SubEffecter_SprayerContinuous</subEffecterClass>
		<burstCount>
		  <min>2</min>
		  <max>5</max>
		</burstCount>
		<positionRadius>0.5</positionRadius>
		<scale>
		  <min>0.5</min>
		  <max>1</max>
		</scale>
		<ticksBetweenMotes>30</ticksBetweenMotes>
		<positionLerpFactor>1</positionLerpFactor>
        <moteDef>Mote_BrainBlood</moteDef>
	  </li>
	</children>
  </EffecterDef>
	
  <ThingDef ParentName="MoteBase">
    <defName>Mote_BrainBlood</defName>
    <graphicData>
      <texPath>Things/Mote/ThinkingLighting</texPath>
    </graphicData>
    <altitudeLayer>MoteOverhead</altitudeLayer>
    <mote>
      <fadeInTime>0.2</fadeInTime>
      <solidTime>0.3</solidTime>
      <fadeOutTime>1</fadeOutTime>
    </mote>
  </ThingDef>
  
</Defs>
