﻿<?xml version="1.0" encoding="utf-8" ?>
<Defs>

  <ThingDef ParentName="BuildingBase">
    <defName>LingLongRandPowerGiver</defName>
    <label>能源放射器</label>
    <description>远程送电器,这是发射端.</description>
    <thingClass>LingGame.LingLongRandPowerGiver</thingClass>
    <graphicData>
      <texPath>Things/Building/Power/LingLongRandPowerGiver</texPath>
      <graphicClass>Graphic_Single</graphicClass>
      <drawSize>(1,1)</drawSize>
    </graphicData>
    <altitudeLayer>Building</altitudeLayer>
    <passability>PassThroughOnly</passability>
    <blockWind>true</blockWind>
		<scatterableOnMapGen>false</scatterableOnMapGen>
		<fillPercent>1</fillPercent>
    <blockLight>true</blockLight>
    <canOverlapZones>false</canOverlapZones>
    <minifiedDef>MinifiedThing</minifiedDef>
    <statBases>
      <Mass>5</Mass>
      <MaxHitPoints>500</MaxHitPoints>
      <WorkToBuild>1200</WorkToBuild>
      <Flammability>0.5</Flammability>
      <Beauty>0</Beauty>
    </statBases>
    <tickerType>Normal</tickerType>
    <size>(1,1)</size>
    <thingCategories>
      <li>BuildingsPower</li>
    </thingCategories>
    <costList>
      <Steel>30</Steel>
      <ComponentIndustrial>1</ComponentIndustrial>
    </costList>
    <comps>
      <li Class="CompProperties_Power">
        <compClass>CompPowerTrader</compClass>
        <basePowerConsumption>0</basePowerConsumption>
        <transmitsPower>true</transmitsPower>
      </li>
    </comps>
    <rotatable>false</rotatable>
    <terrainAffordanceNeeded>Light</terrainAffordanceNeeded>
    <designationCategory>Power</designationCategory>
    <building><ai_chillDestination>false</ai_chillDestination></building>
    <constructEffect>ConstructMetal</constructEffect>
    <researchPrerequisites><li>ZeroTechLongRandPower</li></researchPrerequisites>
    <constructionSkillPrerequisite>1</constructionSkillPrerequisite>
  </ThingDef>
  <ThingDef ParentName="BuildingBase">
    <defName>LingLongRandPowerNeeder</defName>
    <label>能源接收器</label>
    <description>远程送电器,这是接收端.</description>
    <thingClass>LingGame.LingLongRandPowerNeeder</thingClass>
    <graphicData>
      <texPath>Things/Building/Power/LingLongRandPowerNeeder</texPath>
      <graphicClass>Graphic_Single</graphicClass>
      <drawSize>(1,1)</drawSize>
    </graphicData>
    <altitudeLayer>Building</altitudeLayer>
    <passability>PassThroughOnly</passability>
    <blockWind>true</blockWind>
		<scatterableOnMapGen>false</scatterableOnMapGen>
		<fillPercent>1</fillPercent>
    <blockLight>true</blockLight>
    <canOverlapZones>false</canOverlapZones>
    <minifiedDef>MinifiedThing</minifiedDef>
    <statBases>
      <Mass>5</Mass>
      <MaxHitPoints>500</MaxHitPoints>
      <WorkToBuild>1200</WorkToBuild>
      <Flammability>0.5</Flammability>
      <Beauty>0</Beauty>
    </statBases>
    <tickerType>Normal</tickerType>
    <size>(1,1)</size>
    <thingCategories>
      <li>BuildingsPower</li>
    </thingCategories>
    <costList>
      <Steel>30</Steel>
      <ComponentIndustrial>1</ComponentIndustrial>
    </costList>
    <comps>
      <li Class="CompProperties_Power">
        <compClass>CompPowerTrader</compClass>
        <basePowerConsumption>0</basePowerConsumption>
        <transmitsPower>true</transmitsPower>
      </li>
    </comps>
    <rotatable>false</rotatable>
    <terrainAffordanceNeeded>Light</terrainAffordanceNeeded>
    <designationCategory>Power</designationCategory>
    <building><ai_chillDestination>false</ai_chillDestination></building>
    <constructEffect>ConstructMetal</constructEffect>
    <researchPrerequisites><li>ZeroTechLongRandPower</li></researchPrerequisites>
    <constructionSkillPrerequisite>1</constructionSkillPrerequisite>
  </ThingDef>

</Defs>
