﻿<?xml version="1.0" encoding="UTF-8"?>
<ModMetaData>
	<name>ZeroTech-Power</name>
	<author>LingLuo</author>
	<supportedVersions>
		<li>1.1</li>
		<li>1.2</li>
	</supportedVersions>
	<packageId>LingLuo.ZeroTechPower</packageId>
	<description>零子科技-电力拓展包
	哦,能源问题真是这个世界上最愚蠢的问题...之一
	物品简介
	超空间电池:无限容量的电池
	远程电力发射器:用于远程传输电力
	灵能发电机:利用精神力量发电的装置
	动能发电机:可以依靠物理打击在进行充能发电的发电机
	
	</description>
	<modDependencies>
		<li>
			<packageId>LingLuo.ZeroTechCore</packageId>
			<displayName>ZeroTechCore</displayName>
			<downloadUrl>https://www.baidu.com</downloadUrl>
		</li>
	</modDependencies>
	
	<loadAfter>
		<li>LingLuo.ZeroTechCore</li>
	</loadAfter>
</ModMetaData>
